{"name":"us-doe-gov_333d394d-7256-4af3-8904-f0cc42777881","title":"NREL GIS Data: Alaska High Resolution Wind Resource","description":"NREL GIS Data: Alaska High Resolution Wind Resource\n\nAnnual average wind resource potential for the main section of the state of Alaska. Note: we do not have a complete 50m coverage for the entire state. The wind power resource estimates were produced by AWS TrueWind using their MesoMap system and historical weather data under contract to Wind Powering America/NREL. This map has been validated with available surface data by NREL and wind energy meteorological consultants. ### License Info DISCLAIMER NOTICE This GIS data was developed by the National Renewable Energy Laboratory (\"NREL\"), which is operated by the Alliance for Sustainable Energy, LLC for the U.S. Department of Energy (\"DOE\"). The user is granted the right, without any fee or cost, to use, copy, modify, alter, enhance and distribute this data for any purpose whatsoever, provided that this entire notice appears in all copies of the data. Further, the user of this data agrees to credit NREL in any publications or software that incorporate or use the data. Access to and use of the GIS data shall further impose the following obligations on the User. The names DOE/NREL may not be used in any advertising or publicity to endorse or promote any product or commercial entity using or incorporating the GIS data unless specific written authorization is obtained from DOE/NREL. The User also understands that DOE/NREL shall not be obligated to provide updates, support, consulting, training or assistance of any kind whatsoever with regard to the use of the GIS data. THE GIS DATA IS PROVIDED \"AS IS\" AND ANY EXPRESS OR IMPLIED WARRANTIES, INCLUDING BUT NOT LIMITED TO, THE IMPLIED WARRANTIES OF MERCHANTABILITY AND FITNESS FOR A PARTICULAR PURPOSE ARE DISCLAIMED. IN NO EVENT SHALL DOE/NREL BE LIABLE FOR ANY SPECIAL, INDIRECT OR CONSEQUENTIAL DAMAGES OR ANY DAMAGES WHATSOEVER, INCLUDING BUT NOT LIMITED TO CLAIMS ASSOCIATED WITH THE LOSS OF DATA OR PROFITS, WHICH MAY RESULT FROM AN ACTION IN CONTRACT, NEGLIGENCE OR OTHER TORTIOUS CLAIM THAT ARISES OUT OF OR IN CONNECTION WITH THE ACCESS OR USE OF THE GIS DATA. The User acknowledges that access to the GIS data is subject to U.S. Export laws and regulations and any use or transfer of the GIS data must be authorized under those regulations. The User shall not use, distribute, transfer, or transmit GIS data or any products incorporating the GIS data except in compliance with U.S. export regulations. If requested by DOE/NREL, the User agrees to sign written assurances and other export-related documentation as may be required to comply with U.S. export regulations. DISCLAIMER NOTICE This GIS data was developed by the National Renewable Energy Laboratory (\"NREL\"), which is operated by the Alliance for Sustainable Energy, LLC for the U.S. Department of Energy (\"DOE\"). The user is granted the right, without any fee or cost, to use, copy, modify, alter, enhance and distribute this data for any purpose whatsoever, provided that this entire notice appears in all copies of the data. Further, the user of this data agrees to credit NREL in any publications or software that incorporate or use the data. Access to and use of the GIS data shall further impose the following obligations on the User. The names DOE/NREL may not be used in any advertising or publicity to endorse or promote any product or commercial entity using or incorporating the GIS data unless specific written authorization is obtained from DOE/NREL. The User also understands that DOE/NREL shall not be obligated to provide updates, support, consulting, training or assistance of any kind whatsoever with regard to the use of the GIS data. THE GIS DATA IS PROVIDED \"AS IS\" AND ANY EXPRESS OR IMPLIED WARRANTIES, INCLUDING BUT NOT LIMITED TO, THE IMPLIED WARRANTIES OF MERCHANTABILITY AND FITNESS FOR A PARTICULAR PURPOSE ARE DISCLAIMED. IN NO EVENT SHALL DOE/NREL BE LIABLE FOR ANY SPECIAL, INDIRECT OR CONSEQUENTIAL DAMAGES OR ANY DAMAGES WHATSOEVER, INCLUDING BUT NOT LIMITED TO CLAIMS ASSOCIATED WITH THE LOSS OF DATA OR PROFITS, WHICH MAY RESULT FROM AN ACTION IN CONTRACT, NEGLIGENCE OR OTHER TORTIOUS CLAIM THAT ARISES OUT OF OR IN CONNECTION WITH THE ACCESS OR USE OF THE GIS DATA. The User acknowledges that access to the GIS data is subject to U.S. Export laws and regulations and any use or transfer of the GIS data must be authorized under those regulations. The User shall not use, distribute, transfer, or transmit GIS data or any products incorporating the GIS data except in compliance with U.S. export regulations. If requested by DOE/NREL, the User agrees to sign written assurances and other export-related documentation as may be required to comply with U.S. export regulations.\n\nSource: https://catalog.data.gov/dataset/nrel-gis-data-alaska-high-resolution-wind-resource  \nLast updated at https://catalog.data.gov/organization/doe-gov : 2019-08-01","homepage":"https://data.world/us-doe-gov/333d394d-7256-4af3-8904-f0cc42777881","license":"CC-0","resources":[{"name":"ak_50_main","schema":{"fields":[{"name":"id","title":"ID","type":"number","rdfType":"http://www.w3.org/2001/XMLSchema#decimal","dwSourceId":"id"},{"name":"windpwrd","title":"windpwrd","type":"number","rdfType":"http://www.w3.org/2001/XMLSchema#decimal","dwSourceId":"windpwrd"},{"name":"wpc","title":"wpc","type":"number","rdfType":"http://www.w3.org/2001/XMLSchema#decimal","dwSourceId":"wpc"}]},"path":"data/ak_50_main.csv","format":"csv"},{"name":"ak_50_se","schema":{"fields":[{"name":"id","title":"ID","type":"number","rdfType":"http://www.w3.org/2001/XMLSchema#decimal","dwSourceId":"id"},{"name":"windpwrd","title":"windpwrd","type":"number","rdfType":"http://www.w3.org/2001/XMLSchema#decimal","dwSourceId":"windpwrd"},{"name":"wpc","title":"wpc","type":"number","rdfType":"http://www.w3.org/2001/XMLSchema#decimal","dwSourceId":"wpc"}]},"path":"data/ak_50_se.csv","format":"csv"},{"name":"original/AK_50_Main.dbf","path":"original/AK_50_Main.dbf","format":"dbf","mediatype":"application/dbf","bytes":4149008},{"name":"original/AK_50_Main.prj","path":"original/AK_50_Main.prj","format":"prj","mediatype":"text/plain","bytes":145},{"name":"original/AK_50_Main.sbn","path":"original/AK_50_Main.sbn","format":"sbn","mediatype":"application/x-shapefile","bytes":2112404},{"name":"original/AK_50_Main.sbx","path":"original/AK_50_Main.sbx","format":"sbx","mediatype":"application/x-shapefile","bytes":105916},{"name":"original/AK_50_Main.shp","path":"original/AK_50_Main.shp","format":"shp","mediatype":"application/x-shapefile","bytes":39486900},{"name":"original/AK_50_Main.shp.xml","path":"original/AK_50_Main.shp.xml","format":"xml","mediatype":"application/xml","bytes":11869},{"name":"original/AK_50_Main.shx","path":"original/AK_50_Main.shx","format":"shx","mediatype":"application/x-shapefile","bytes":1746996},{"name":"original/AK_50_SE.dbf","path":"original/AK_50_SE.dbf","format":"dbf","mediatype":"application/dbf","bytes":4875948},{"name":"original/AK_50_SE.prj","path":"original/AK_50_SE.prj","format":"prj","mediatype":"text/plain","bytes":145},{"name":"original/AK_50_SE.sbn","path":"original/AK_50_SE.sbn","format":"sbn","mediatype":"application/x-shapefile","bytes":2342484},{"name":"original/AK_50_SE.sbx","path":"original/AK_50_SE.sbx","format":"sbx","mediatype":"application/x-shapefile","bytes":59940},{"name":"original/AK_50_SE.shp","path":"original/AK_50_SE.shp","format":"shp","mediatype":"application/x-shapefile","bytes":52663688},{"name":"original/AK_50_SE.shp.xml","path":"original/AK_50_SE.shp.xml","format":"xml","mediatype":"application/xml","bytes":11846},{"name":"original/AK_50_SE.shx","path":"original/AK_50_SE.shx","format":"shx","mediatype":"application/x-shapefile","bytes":2053076},{"name":"original/EERE_WINDON_H_Alaska.pdf","path":"original/EERE_WINDON_H_Alaska.pdf","format":"pdf","mediatype":"application/pdf","bytes":26941563},{"name":"original/disclaimer.doc","path":"original/disclaimer.doc","format":"doc","mediatype":"application/msword","bytes":40448},{"name":"original/windresource.doc","path":"original/windresource.doc","format":"doc","mediatype":"application/msword","bytes":38400}],"keywords":["alaska","gis","nrel","shapefile","wind"]}